{
  "register": [
    {
      "fname": "komal shah",
      "email": "komal@gmail.com",
      "password": "147852",
      "id": 16
    },
    {
      "fname": "kiyara",
      "email": "kiyara@gmail.com",
      "password": "963258",
      "id": 17
    },
    {
      "fname": "shivina",
      "email": "shivina@gmail.com",
      "password": "369852",
      "id": 18
    },
    {
      "fname": "mahi shah",
      "email": "mahi@gmail.com",
      "password": "369852",
      "id": 19
    },
    {
      "fname": "smruti singh",
      "email": "smruti@gmail.com",
      "password": "369852",
      "id": 20
    },
    {
      "fname": "fbdhgfdfd",
      "email": "hfgdhfghd@ndh",
      "password": "lkjhgf",
      "id": 21
    },
    {
      "fname": "hghgchs@ncbcb",
      "email": "nbscbh@hgcxhvc",
      "password": "lkjhgf",
      "id": 22
    },
    {
      "fname": "akash gi",
      "email": "akash@gmail.com",
      "password": "369852",
      "id": 23
    },
    {
      "fname": "divya hans",
      "email": "divya@gmail.com",
      "password": "147852",
      "id": 24
    },
    {
      "fname": "dhfgdhgf",
      "email": "jdfhdjgf@jhdf",
      "password": "369852",
      "id": 25
    },
    {
      "fname": "rushikesh",
      "email": "rushikesh@gmail.com",
      "password": "369852",
      "id": 26
    },
    {
      "fname": "herjgjhssd",
      "email": "jhjhf@ssjhjf",
      "password": "369852",
      "id": 27
    },
    {
      "fname": "jdhjdfhdf",
      "email": "ddjhrjhg@jdjh",
      "password": "369852",
      "id": 28
    },
    {
      "fname": "jhfdjgfdsh",
      "email": "dhddgs@shd",
      "password": "369852",
      "id": 29
    }
  ]
}